{
  "hash": "1535a8a5",
  "browserHash": "e9e212b2",
  "optimized": {
    "@angular/core": {
      "src": "../../../../../node_modules/@angular/core/fesm2022/core.mjs",
      "file": "@angular_core.js",
      "fileHash": "75564bbe",
      "needsInterop": false
    },
    "@angular/forms": {
      "src": "../../../../../node_modules/@angular/forms/fesm2022/forms.mjs",
      "file": "@angular_forms.js",
      "fileHash": "a4d06e61",
      "needsInterop": false
    },
    "@angular/platform-browser": {
      "src": "../../../../../node_modules/@angular/platform-browser/fesm2022/platform-browser.mjs",
      "file": "@angular_platform-browser.js",
      "fileHash": "4b3a57a2",
      "needsInterop": false
    }
  },
  "chunks": {
    "chunk-KCBME7CR": {
      "file": "chunk-KCBME7CR.js"
    },
    "chunk-QDI3SNNE": {
      "file": "chunk-QDI3SNNE.js"
    }
  }
}